"Link_id";"Link_Direction";"Timestamp";"Speed";"UniqueEntries"
"4688531";"1";"2025-03-05 15:15:00.000";"22";"1"
"4688535";"2";"2025-03-05 13:15:00.000";"18";"1"
"4688539";"2";"2025-03-05 12:30:00.000";"15";"1"
"4688541";"2";"2025-03-06 10:30:00.000";"20";"1"
"4688542";"1";"2025-03-05 23:45:00.000";"34";"1"
"4688542";"2";"2025-03-05 15:30:00.000";"29";"1"
"4688547";"1";"2025-03-05 16:15:00.000";"24";"1"
"4688547";"2";"2025-03-05 20:00:00.000";"19";"1"
"4688548";"1";"2025-03-06 10:45:00.000";"14";"3"
"4688549";"1";"2025-03-06 10:45:00.000";"22";"9"
"4688550";"1";"2025-03-06 10:45:00.000";"19";"2"
"4825719";"1";"2025-03-06 10:45:00.000";"34";"4"
"4825719";"2";"2025-03-06 10:45:00.000";"25";"6"
"4959032";"1";"2025-03-06 10:30:00.000";"47";"1"
"4959083";"1";"2025-03-06 09:30:00.000";"29";"1"
"4959083";"2";"2025-03-06 10:30:00.000";"28";"1"
"7853485";"2";"2025-03-06 10:45:00.000";"25";"1"
"7853493";"1";"2025-03-06 10:45:00.000";"30";"4"
"9774971";"1";"2025-03-06 10:45:00.000";"96";"1"
"13769164";"1";"2025-03-06 10:45:00.000";"33";"4"
"13769290";"1";"2025-03-06 10:45:00.000";"12";"1"
"13769313";"2";"2025-03-06 10:45:00.000";"18";"1"
"13866832";"1";"2025-03-06 10:15:00.000";"22";"1"
"13866835";"1";"2025-03-06 09:45:00.000";"26";"1"
"13866973";"1";"2025-03-06 06:45:00.000";"91";"1"
"13868791";"1";"2025-03-06 10:45:00.000";"26";"13"
"13868862";"2";"2025-03-06 08:45:00.000";"12";"1"
"13873225";"1";"2025-03-05 11:30:00.000";"82";"1"
"13987098";"1";"2025-03-06 10:45:00.000";"72";"2"
"14087678";"1";"2025-03-06 10:45:00.000";"17";"1"
"14088029";"1";"2025-03-06 09:15:00.000";"24";"1"
"14088029";"2";"2025-03-06 10:45:00.000";"26";"1"
"14088080";"1";"2025-03-06 10:45:00.000";"10";"1"
"14088246";"1";"2025-03-06 10:45:00.000";"22";"4"
"14088380";"1";"2025-03-06 10:45:00.000";"16";"2"
"14088780";"1";"2025-03-06 10:45:00.000";"37";"5"
"14089056";"1";"2025-03-06 10:45:00.000";"30";"1"
"14089056";"2";"2025-03-06 10:45:00.000";"30";"3"
"14121198";"2";"2025-03-05 11:30:00.000";"66";"1"
"14123851";"1";"2025-03-05 11:45:00.000";"108";"1"
"14123888";"1";"2025-03-06 09:30:00.000";"94";"1"
"14124057";"1";"2025-03-06 09:30:00.000";"80";"1"
"14125050";"1";"2025-03-06 08:30:00.000";"94";"1"
"14125325";"1";"2025-03-06 10:45:00.000";"33";"1"
"14125455";"1";"2025-03-06 09:45:00.000";"34";"1"
"14125455";"2";"2025-03-06 09:30:00.000";"36";"1"
"14125517";"1";"2025-03-06 10:45:00.000";"26";"1"
"14125517";"2";"2025-03-06 10:45:00.000";"31";"1"
"14125757";"1";"2025-03-06 10:30:00.000";"22";"1"
"14126204";"1";"2025-03-06 10:45:00.000";"24";"1"
"14126204";"2";"2025-03-06 09:45:00.000";"25";"1"
"14126223";"1";"2025-03-06 02:30:00.000";"20";"1"
"14126239";"1";"2025-03-06 10:45:00.000";"25";"1"
"14126392";"1";"2025-03-06 10:45:00.000";"18";"10"
"14126665";"1";"2025-03-06 10:45:00.000";"23";"4"
"14128773";"1";"2025-03-06 09:00:00.000";"22";"1"
"14129474";"1";"2025-03-06 10:45:00.000";"114";"1"
"14133333";"1";"2025-03-06 10:30:00.000";"85";"1"
"14136382";"1";"2025-03-05 11:15:00.000";"49";"1"
"14136382";"2";"2025-03-06 09:45:00.000";"31";"1"
"14146512";"1";"2025-03-05 20:45:00.000";"53";"1"
"14149597";"1";"2025-03-05 10:45:00.000";"18";"1"
"14149656";"1";"2025-03-05 19:45:00.000";"76";"1"
"14149803";"1";"2025-03-05 20:45:00.000";"60";"1"
"14149892";"1";"2025-03-05 20:45:00.000";"56";"1"
"14156116";"1";"2025-03-06 10:45:00.000";"16";"1"
"14156160";"1";"2025-03-06 07:15:00.000";"15";"1"
"14156290";"1";"2025-03-06 01:45:00.000";"18";"1"
"14156290";"2";"2025-03-06 07:45:00.000";"26";"1"
"14156451";"1";"2025-03-05 20:15:00.000";"17";"1"
"14156451";"2";"2025-03-06 10:45:00.000";"25";"1"
"14156516";"2";"2025-03-06 10:30:00.000";"24";"2"
"14156541";"1";"2025-03-06 10:45:00.000";"21";"2"
"14156574";"1";"2025-03-06 10:45:00.000";"17";"1"
"14156737";"1";"2025-03-06 09:00:00.000";"15";"1"
"14157039";"2";"2025-03-06 08:45:00.000";"23";"1"
"14157112";"1";"2025-03-06 10:30:00.000";"20";"1"
"14157560";"2";"2025-03-06 09:45:00.000";"27";"1"
"14157738";"2";"2025-03-05 12:00:00.000";"14";"1"
"14158208";"1";"2025-03-06 10:45:00.000";"27";"1"
"14158208";"2";"2025-03-06 10:45:00.000";"32";"2"
"14158533";"1";"2025-03-06 10:45:00.000";"54";"4"
"14158682";"1";"2025-03-06 06:15:00.000";"22";"1"
"14158740";"1";"2025-03-06 10:45:00.000";"26";"1"
"14159505";"1";"2025-03-06 10:45:00.000";"23";"1"
"14159652";"1";"2025-03-06 10:45:00.000";"22";"1"
"14159652";"2";"2025-03-06 10:45:00.000";"17";"1"
"14159709";"1";"2025-03-06 10:45:00.000";"25";"7"
"14159730";"1";"2025-03-06 10:45:00.000";"34";"1"
"14159730";"2";"2025-03-06 10:15:00.000";"23";"1"
"14159818";"1";"2025-03-06 10:45:00.000";"9";"2"
"14159918";"1";"2025-03-06 10:45:00.000";"10";"1"
"14159984";"1";"2025-03-06 10:30:00.000";"18";"1"
"14163308";"2";"2025-03-06 08:15:00.000";"17";"1"
"14172794";"1";"2025-03-06 10:45:00.000";"105";"6"
"14172997";"1";"2025-03-06 10:45:00.000";"59";"2"
"14172997";"2";"2025-03-06 10:45:00.000";"57";"1"
"14173176";"1";"2025-03-06 00:15:00.000";"37";"1"
"14174158";"1";"2025-03-06 09:00:00.000";"40";"1"
"14248856";"1";"2025-03-06 07:00:00.000";"85";"1"
"14248939";"1";"2025-03-05 19:30:00.000";"86";"1"
"14249003";"1";"2025-03-05 19:45:00.000";"85";"1"
"14249189";"1";"2025-03-05 19:45:00.000";"70";"1"
"14250441";"1";"2025-03-06 10:45:00.000";"33";"1"
"14250470";"1";"2025-03-06 10:15:00.000";"56";"1"
"14250485";"1";"2025-03-06 10:45:00.000";"29";"3"
"14250490";"1";"2025-03-06 09:15:00.000";"55";"1"
"14250729";"1";"2025-03-06 08:45:00.000";"51";"1"
"14250729";"2";"2025-03-05 16:00:00.000";"35";"1"
"14250889";"1";"2025-03-06 10:15:00.000";"40";"1"
"14251287";"1";"2025-03-06 10:45:00.000";"72";"3"
"14251378";"1";"2025-03-06 10:45:00.000";"22";"2"
"14251486";"1";"2025-03-06 08:45:00.000";"5";"1"
"14251667";"1";"2025-03-06 10:45:00.000";"66";"2"
"14251756";"1";"2025-03-06 10:45:00.000";"28";"3"
"14251908";"1";"2025-03-06 10:30:00.000";"58";"1"
"14251968";"1";"2025-03-06 10:45:00.000";"66";"1"
"14252079";"1";"2025-03-06 10:45:00.000";"32";"2"
"14252175";"1";"2025-03-06 10:00:00.000";"16";"1"
"14290764";"1";"2025-03-06 10:30:00.000";"40";"1"
"14290764";"2";"2025-03-06 09:45:00.000";"40";"1"
"14290926";"1";"2025-03-06 10:45:00.000";"24";"6"
"14290961";"1";"2025-03-06 10:45:00.000";"22";"2"
"14291050";"1";"2025-03-06 10:45:00.000";"33";"2"
"14291173";"1";"2025-03-06 10:45:00.000";"15";"2"
"14291356";"1";"2025-03-06 10:45:00.000";"23";"5"
"14292307";"1";"2025-03-06 10:45:00.000";"14";"1"
"14292503";"1";"2025-03-06 10:45:00.000";"34";"2"
"14292503";"2";"2025-03-06 10:15:00.000";"25";"1"
"14293073";"1";"2025-03-06 08:00:00.000";"26";"1"
"14293073";"2";"2025-03-06 10:00:00.000";"24";"1"
"14293311";"1";"2025-03-06 09:30:00.000";"29";"1"
"14293311";"2";"2025-03-06 10:45:00.000";"26";"1"
"14293732";"1";"2025-03-06 09:45:00.000";"17";"1"
"14293732";"2";"2025-03-06 10:45:00.000";"17";"1"
"14293829";"1";"2025-03-06 10:45:00.000";"18";"2"
"14294151";"1";"2025-03-06 10:45:00.000";"31";"3"
"14294384";"1";"2025-03-06 06:45:00.000";"17";"1"
"14295633";"1";"2025-03-06 10:45:00.000";"30";"3"
"14296060";"1";"2025-03-06 10:45:00.000";"3";"1"
"14296129";"1";"2025-03-06 10:15:00.000";"24";"1"
"14296206";"1";"2025-03-06 10:45:00.000";"19";"6"
"14296674";"1";"2025-03-06 10:45:00.000";"18";"4"
"14298307";"1";"2025-03-06 10:45:00.000";"54";"2"
"14298350";"1";"2025-03-06 10:45:00.000";"35";"1"
"14298631";"1";"2025-03-06 07:45:00.000";"39";"1"
"14298631";"2";"2025-03-06 10:45:00.000";"30";"1"
"14299546";"1";"2025-03-06 10:45:00.000";"18";"2"
"14299650";"1";"2025-03-06 10:45:00.000";"61";"2"
"14299694";"1";"2025-03-06 10:45:00.000";"45";"6"
"14299750";"1";"2025-03-06 10:15:00.000";"54";"2"
"14300100";"1";"2025-03-06 09:00:00.000";"18";"1"
"14300453";"1";"2025-03-06 10:30:00.000";"22";"1"
"14300516";"1";"2025-03-06 10:45:00.000";"23";"3"
"14300592";"1";"2025-03-06 10:45:00.000";"11";"1"
"14300991";"1";"2025-03-06 09:00:00.000";"20";"1"
"14301106";"1";"2025-03-06 10:45:00.000";"25";"2"
"14301500";"1";"2025-03-06 06:45:00.000";"4";"1"
"14301548";"1";"2025-03-06 10:45:00.000";"19";"1"
"14301626";"1";"2025-03-06 06:45:00.000";"35";"1"
"14301667";"2";"2025-03-06 10:15:00.000";"28";"1"
"14301746";"1";"2025-03-06 10:15:00.000";"21";"1"
"14301805";"1";"2025-03-06 10:00:00.000";"26";"1"
"14301857";"1";"2025-03-06 09:00:00.000";"29";"1"
"14302121";"1";"2025-03-06 10:45:00.000";"24";"1"
"14302366";"1";"2025-03-06 01:00:00.000";"20";"1"
"14302366";"2";"2025-03-05 16:45:00.000";"23";"1"
"14302441";"1";"2025-03-06 10:45:00.000";"43";"2"
"14302490";"1";"2025-03-06 10:45:00.000";"19";"2"
"14305482";"1";"2025-03-05 21:00:00.000";"44";"1"
"14313197";"1";"2025-03-05 17:15:00.000";"76";"1"
"14313206";"1";"2025-03-05 16:30:00.000";"80";"1"
"14315859";"1";"2025-03-06 09:00:00.000";"52";"1"
"14315859";"2";"2025-03-06 00:45:00.000";"44";"1"
"14316050";"2";"2025-03-06 10:45:00.000";"29";"1"
"14316448";"2";"2025-03-06 07:00:00.000";"24";"1"
"14324217";"1";"2025-03-06 10:30:00.000";"90";"1"
"14324654";"1";"2025-03-06 08:30:00.000";"26";"1"
"14324654";"2";"2025-03-06 08:30:00.000";"39";"1"
"14325207";"1";"2025-03-06 10:30:00.000";"59";"1"
"14325233";"1";"2025-03-05 21:00:00.000";"65";"1"
"14337884";"1";"2025-03-06 10:45:00.000";"42";"1"
"14337884";"2";"2025-03-06 10:45:00.000";"52";"1"
"14338038";"1";"2025-03-06 08:30:00.000";"34";"1"
"14338255";"1";"2025-03-06 10:45:00.000";"66";"2"
"14338944";"1";"2025-03-06 10:15:00.000";"46";"1"
"14339129";"1";"2025-03-06 10:00:00.000";"21";"1"
"14339129";"2";"2025-03-06 08:45:00.000";"26";"1"
"14339139";"1";"2025-03-06 10:45:00.000";"36";"1"
"14339139";"2";"2025-03-06 10:45:00.000";"36";"1"
"14339147";"1";"2025-03-06 10:30:00.000";"76";"1"
"14339182";"1";"2025-03-06 10:45:00.000";"59";"3"
"14339401";"1";"2025-03-06 10:15:00.000";"56";"1"
"14339410";"1";"2025-03-06 10:45:00.000";"35";"5"
"14339433";"1";"2025-03-06 10:45:00.000";"52";"4"
"14339485";"1";"2025-03-06 10:45:00.000";"77";"3"
"14339502";"1";"2025-03-06 10:45:00.000";"72";"5"
"14339504";"1";"2025-03-06 10:45:00.000";"64";"4"
"14339512";"1";"2025-03-06 10:45:00.000";"83";"4"
"14339661";"1";"2025-03-06 10:45:00.000";"76";"8"
"14341801";"1";"2025-03-06 10:30:00.000";"55";"1"
"14341840";"1";"2025-03-06 10:45:00.000";"60";"1"
"14341855";"1";"2025-03-05 19:00:00.000";"68";"1"
"14341869";"1";"2025-03-06 10:45:00.000";"102";"1"
"14341870";"1";"2025-03-06 01:45:00.000";"80";"1"
"14341925";"1";"2025-03-06 07:30:00.000";"47";"1"
"14341935";"1";"2025-03-06 01:45:00.000";"80";"1"
"14341937";"1";"2025-03-06 10:45:00.000";"105";"1"
"14342395";"1";"2025-03-06 10:45:00.000";"83";"1"
"14342396";"1";"2025-03-06 09:15:00.000";"76";"1"
"14342606";"1";"2025-03-05 22:30:00.000";"73";"1"
"14342611";"1";"2025-03-05 16:00:00.000";"75";"1"
"14342642";"1";"2025-03-06 00:15:00.000";"106";"1"
"14342645";"1";"2025-03-06 08:30:00.000";"95";"1"
"14342655";"1";"2025-03-06 05:15:00.000";"111";"1"
"14342656";"1";"2025-03-05 23:45:00.000";"106";"1"
"14342690";"1";"2025-03-05 23:45:00.000";"101";"1"
"14342709";"1";"2025-03-06 05:15:00.000";"111";"1"
"14342740";"1";"2025-03-06 00:15:00.000";"118";"1"
"14342770";"1";"2025-03-06 09:30:00.000";"99";"1"
"14342775";"1";"2025-03-06 09:30:00.000";"100";"1"
"14342787";"1";"2025-03-06 00:15:00.000";"93";"1"
"14342886";"1";"2025-03-05 16:45:00.000";"82";"1"
"14342900";"1";"2025-03-06 10:45:00.000";"102";"1"
"14378472";"1";"2025-03-06 10:45:00.000";"50";"5"
"14378477";"1";"2025-03-06 10:45:00.000";"41";"1"
"14378651";"1";"2025-03-06 10:30:00.000";"75";"1"
"14378652";"2";"2025-03-06 10:45:00.000";"57";"1"
"14406488";"1";"2025-03-06 07:00:00.000";"42";"1"
"14406488";"2";"2025-03-06 09:45:00.000";"44";"1"
"14406656";"2";"2025-03-06 08:00:00.000";"55";"1"
"14406665";"2";"2025-03-06 10:45:00.000";"46";"1"
"14406949";"1";"2025-03-05 15:15:00.000";"105";"1"
"14406987";"1";"2025-03-05 15:00:00.000";"103";"1"
"14406996";"1";"2025-03-06 01:45:00.000";"73";"1"
"14407394";"1";"2025-03-06 10:45:00.000";"94";"1"
"14407399";"1";"2025-03-06 05:45:00.000";"86";"1"
"14407436";"1";"2025-03-06 10:30:00.000";"67";"1"
"14407439";"1";"2025-03-06 10:45:00.000";"92";"4"
"14407750";"1";"2025-03-06 10:45:00.000";"111";"1"
"14407999";"1";"2025-03-05 21:45:00.000";"88";"1"
"14408007";"1";"2025-03-06 07:15:00.000";"106";"1"
"14408441";"1";"2025-03-06 10:45:00.000";"77";"2"
"14408446";"1";"2025-03-05 10:45:00.000";"100";"1"
"14408489";"1";"2025-03-06 04:30:00.000";"57";"1"
"14408494";"1";"2025-03-05 23:45:00.000";"108";"1"
"14408727";"1";"2025-03-05 23:45:00.000";"108";"1"
"14408838";"1";"2025-03-05 23:45:00.000";"47";"1"
"14409138";"1";"2025-03-05 10:45:00.000";"84";"1"
"14409309";"1";"2025-03-05 21:45:00.000";"75";"1"
"14409319";"1";"2025-03-06 10:30:00.000";"86";"1"
"14409396";"1";"2025-03-05 22:30:00.000";"40";"1"
"14410302";"1";"2025-03-06 01:00:00.000";"81";"1"
"14410320";"1";"2025-03-05 22:15:00.000";"62";"1"
"14427904";"2";"2025-03-06 10:45:00.000";"48";"1"
"14427954";"1";"2025-03-06 05:45:00.000";"91";"1"
"14429725";"2";"2025-03-05 14:00:00.000";"41";"1"
"14429918";"1";"2025-03-06 10:45:00.000";"22";"2"
"14437279";"1";"2025-03-06 10:30:00.000";"43";"1"
"14437279";"2";"2025-03-06 10:30:00.000";"42";"1"
"14437322";"1";"2025-03-06 10:30:00.000";"81";"1"
"14437826";"1";"2025-03-06 10:45:00.000";"50";"6"
"14437889";"1";"2025-03-06 10:45:00.000";"54";"6"
"14437894";"1";"2025-03-06 10:30:00.000";"60";"1"
"14437901";"1";"2025-03-06 10:45:00.000";"28";"1"
"14437917";"1";"2025-03-06 10:45:00.000";"76";"5"
"14437962";"1";"2025-03-06 10:45:00.000";"60";"4"
"14437967";"1";"2025-03-06 10:45:00.000";"62";"5"
"14437981";"1";"2025-03-06 06:30:00.000";"45";"1"
"14438000";"1";"2025-03-06 10:15:00.000";"48";"1"
"14438058";"1";"2025-03-06 10:45:00.000";"68";"18"
"14438066";"1";"2025-03-06 10:45:00.000";"66";"5"
"14438096";"1";"2025-03-06 10:45:00.000";"46";"1"
"14438102";"1";"2025-03-06 10:00:00.000";"50";"1"
"14438127";"1";"2025-03-06 10:15:00.000";"41";"1"
"14438127";"2";"2025-03-05 14:00:00.000";"43";"1"
"14438184";"1";"2025-03-06 10:45:00.000";"67";"1"
"14438186";"1";"2025-03-06 10:45:00.000";"73";"12"
"14438255";"1";"2025-03-06 10:45:00.000";"62";"1"
"14438352";"1";"2025-03-06 10:45:00.000";"67";"3"
"14438365";"1";"2025-03-06 10:45:00.000";"63";"2"
"14438451";"1";"2025-03-06 10:45:00.000";"110";"1"
"14438452";"1";"2025-03-06 10:45:00.000";"103";"3"
"14516195";"2";"2025-03-05 23:30:00.000";"15";"1"
"14516505";"1";"2025-03-05 15:15:00.000";"16";"1"
"14516895";"1";"2025-03-06 10:30:00.000";"33";"1"
"14517137";"1";"2025-03-06 09:15:00.000";"23";"1"
"14596132";"1";"2025-03-05 16:15:00.000";"94";"1"
"14596251";"1";"2025-03-05 12:15:00.000";"121";"1"
"14596593";"1";"2025-03-05 13:45:00.000";"87";"1"
"14624676";"1";"2025-03-05 15:45:00.000";"114";"1"
"14625276";"1";"2025-03-05 19:45:00.000";"35";"1"
"14736428";"2";"2025-03-05 12:30:00.000";"44";"1"
"14738849";"1";"2025-03-05 18:45:00.000";"30";"1"
"14740869";"1";"2025-03-06 10:00:00.000";"50";"1"
"14741229";"1";"2025-03-06 09:15:00.000";"33";"1"
"14743066";"1";"2025-03-06 10:30:00.000";"34";"1"
"14743162";"1";"2025-03-06 05:00:00.000";"35";"1"
"14743222";"1";"2025-03-06 09:15:00.000";"56";"1"
"14743222";"2";"2025-03-06 10:45:00.000";"69";"1"
"14743327";"1";"2025-03-05 17:45:00.000";"68";"1"
"14743327";"2";"2025-03-05 15:30:00.000";"47";"1"
"14750400";"1";"2025-03-06 08:15:00.000";"26";"1"
"14751527";"1";"2025-03-06 08:15:00.000";"20";"1"
"14754462";"1";"2025-03-05 18:45:00.000";"15";"1"
"14754462";"2";"2025-03-05 18:45:00.000";"39";"1"
"14756023";"1";"2025-03-06 08:45:00.000";"57";"1"
"14756023";"2";"2025-03-05 17:30:00.000";"53";"1"
"14765326";"1";"2025-03-05 16:15:00.000";"100";"1"
"14765766";"1";"2025-03-05 19:30:00.000";"100";"1"
"14773230";"1";"2025-03-06 05:15:00.000";"20";"1"
"14781305";"1";"2025-03-06 10:45:00.000";"37";"13"
"14781932";"1";"2025-03-06 10:45:00.000";"27";"1"
"14782349";"1";"2025-03-06 10:45:00.000";"31";"2"
"14782480";"1";"2025-03-06 10:15:00.000";"15";"1"
"14783001";"1";"2025-03-06 10:30:00.000";"23";"1"
"14783090";"1";"2025-03-06 10:45:00.000";"34";"2"
"14783245";"1";"2025-03-06 10:30:00.000";"18";"1"
"14783561";"1";"2025-03-06 10:45:00.000";"18";"9"
"14784002";"1";"2025-03-06 10:45:00.000";"7";"1"
"14784185";"1";"2025-03-06 10:45:00.000";"28";"1"
"14784363";"1";"2025-03-06 10:45:00.000";"10";"1"
"14785866";"1";"2025-03-06 10:30:00.000";"19";"1"
"14785963";"1";"2025-03-06 10:45:00.000";"26";"1"
"14786207";"1";"2025-03-06 10:45:00.000";"20";"1"
"14786826";"1";"2025-03-05 23:00:00.000";"12";"1"
"14787061";"1";"2025-03-06 09:00:00.000";"11";"1"
"14787343";"1";"2025-03-06 10:30:00.000";"17";"1"
"14791766";"1";"2025-03-06 10:45:00.000";"49";"4"
"14792921";"1";"2025-03-06 10:45:00.000";"10";"1"
"14794438";"1";"2025-03-06 10:45:00.000";"22";"6"
"14794988";"1";"2025-03-06 10:45:00.000";"40";"12"
"14795503";"1";"2025-03-06 10:45:00.000";"59";"1"
"14795590";"1";"2025-03-06 10:30:00.000";"39";"1"
"14795656";"2";"2025-03-05 23:30:00.000";"36";"1"
"14795856";"1";"2025-03-06 10:15:00.000";"41";"1"
"14795856";"2";"2025-03-05 21:30:00.000";"41";"1"
"14796128";"1";"2025-03-06 10:00:00.000";"31";"1"
"14796237";"2";"2025-03-06 07:00:00.000";"10";"1"
"14796577";"1";"2025-03-06 00:00:00.000";"7";"1"
"14797212";"1";"2025-03-05 17:15:00.000";"26";"1"
"14797212";"2";"2025-03-05 17:15:00.000";"31";"1"
"14798183";"1";"2025-03-06 10:45:00.000";"19";"2"
"14798387";"2";"2025-03-06 07:30:00.000";"17";"1"
"14798438";"1";"2025-03-06 08:45:00.000";"19";"1"
"14798438";"2";"2025-03-06 10:15:00.000";"20";"1"
"14798858";"1";"2025-03-06 10:45:00.000";"13";"3"
"14798944";"1";"2025-03-06 10:45:00.000";"5";"1"
"14799032";"1";"2025-03-06 10:45:00.000";"26";"3"
"14799150";"2";"2025-03-06 10:30:00.000";"28";"1"
"14799250";"1";"2025-03-06 08:15:00.000";"15";"1"
"14799307";"1";"2025-03-06 10:45:00.000";"2";"1"
"14799416";"1";"2025-03-06 09:15:00.000";"24";"1"
"14799485";"1";"2025-03-06 10:45:00.000";"28";"1"
"14799577";"1";"2025-03-06 10:30:00.000";"20";"1"
"14799706";"1";"2025-03-06 10:45:00.000";"23";"16"
"14799975";"1";"2025-03-06 10:45:00.000";"27";"1"
"14801337";"1";"2025-03-06 10:45:00.000";"35";"4"
"14801337";"2";"2025-03-06 10:45:00.000";"34";"2"
"14801679";"1";"2025-03-06 10:30:00.000";"34";"1"
"14801679";"2";"2025-03-06 10:45:00.000";"41";"2"
"14801834";"1";"2025-03-06 10:30:00.000";"29";"1"
"14801834";"2";"2025-03-06 10:45:00.000";"26";"2"
"14801921";"1";"2025-03-06 10:30:00.000";"23";"1"
"14802356";"1";"2025-03-06 10:30:00.000";"63";"1"
"14802552";"1";"2025-03-06 10:00:00.000";"45";"1"
"14802632";"1";"2025-03-06 10:45:00.000";"77";"2"
"14802803";"1";"2025-03-06 10:00:00.000";"53";"1"
"14803551";"1";"2025-03-06 10:45:00.000";"16";"1"
"14803623";"1";"2025-03-06 10:30:00.000";"21";"1"
"14803773";"1";"2025-03-06 09:45:00.000";"27";"1"
"14804056";"1";"2025-03-06 10:30:00.000";"20";"1"
"14804104";"1";"2025-03-06 10:45:00.000";"23";"2"
"14804195";"1";"2025-03-05 14:00:00.000";"20";"1"
"14804195";"2";"2025-03-06 08:45:00.000";"28";"1"
"14804282";"1";"2025-03-06 10:15:00.000";"16";"1"
"14804466";"1";"2025-03-06 10:30:00.000";"18";"1"
"14804686";"1";"2025-03-06 10:45:00.000";"33";"1"
"14804686";"2";"2025-03-06 10:45:00.000";"28";"1"
"14804971";"1";"2025-03-06 10:30:00.000";"25";"1"
"14804971";"2";"2025-03-06 09:30:00.000";"31";"1"
"14805069";"1";"2025-03-06 10:45:00.000";"30";"3"
"14805240";"1";"2025-03-06 10:45:00.000";"19";"1"
"14805458";"1";"2025-03-06 10:45:00.000";"21";"1"
"14805500";"1";"2025-03-06 10:15:00.000";"28";"1"
"14805644";"1";"2025-03-06 09:45:00.000";"19";"1"
"14805958";"2";"2025-03-05 17:00:00.000";"24";"1"
"14806195";"1";"2025-03-06 10:45:00.000";"37";"1"
"14806250";"1";"2025-03-06 10:30:00.000";"26";"1"
"14806283";"1";"2025-03-06 10:45:00.000";"18";"1"
"14814626";"2";"2025-03-05 12:30:00.000";"62";"1"
"14814952";"1";"2025-03-05 12:30:00.000";"47";"1"
"14815620";"1";"2025-03-06 07:30:00.000";"8";"1"
"14815897";"1";"2025-03-05 16:15:00.000";"17";"1"
"14815962";"1";"2025-03-05 12:30:00.000";"40";"1"
"14816783";"2";"2025-03-05 12:45:00.000";"35";"1"
"14817355";"1";"2025-03-05 12:45:00.000";"41";"1"
"14817355";"2";"2025-03-05 12:45:00.000";"34";"1"
"14817461";"1";"2025-03-05 12:45:00.000";"56";"1"
"14817644";"1";"2025-03-05 16:30:00.000";"21";"1"
"14818301";"2";"2025-03-05 13:45:00.000";"21";"1"
"14818596";"2";"2025-03-05 12:00:00.000";"30";"1"
"14819259";"1";"2025-03-05 17:45:00.000";"37";"1"
"14819329";"1";"2025-03-06 10:45:00.000";"27";"1"
"14819576";"1";"2025-03-06 08:15:00.000";"29";"1"
"14819727";"1";"2025-03-05 15:15:00.000";"29";"1"
"14819727";"2";"2025-03-05 13:15:00.000";"24";"1"
"14819895";"1";"2025-03-06 08:00:00.000";"35";"1"
"14819895";"2";"2025-03-06 08:00:00.000";"39";"1"
"14820026";"1";"2025-03-05 19:00:00.000";"42";"1"
"14820026";"2";"2025-03-06 07:00:00.000";"36";"1"
"14820105";"1";"2025-03-05 13:15:00.000";"24";"1"
"14820105";"2";"2025-03-06 10:30:00.000";"23";"1"
"14820221";"1";"2025-03-06 09:45:00.000";"20";"1"
"14820221";"2";"2025-03-05 17:00:00.000";"18";"1"
"14820351";"1";"2025-03-06 08:45:00.000";"40";"1"
"14820351";"2";"2025-03-05 11:45:00.000";"27";"1"
"14820400";"1";"2025-03-06 10:45:00.000";"23";"1"
"14820451";"1";"2025-03-05 18:00:00.000";"30";"1"
"14820451";"2";"2025-03-05 20:45:00.000";"25";"1"
"14820485";"1";"2025-03-05 14:45:00.000";"25";"1"
"14820840";"1";"2025-03-05 17:30:00.000";"65";"1"
"14820840";"2";"2025-03-05 22:00:00.000";"62";"1"
"14821342";"1";"2025-03-05 16:30:00.000";"20";"1"
"14821342";"2";"2025-03-05 16:30:00.000";"29";"1"
"14822033";"1";"2025-03-05 14:45:00.000";"26";"1"
"14822144";"2";"2025-03-05 14:30:00.000";"33";"1"
"14822275";"1";"2025-03-05 14:45:00.000";"2";"1"
"14822336";"2";"2025-03-06 09:30:00.000";"34";"1"
"14822504";"2";"2025-03-06 07:00:00.000";"26";"1"
"14822628";"2";"2025-03-05 13:15:00.000";"29";"1"
"14822863";"1";"2025-03-05 13:15:00.000";"18";"1"
"14874346";"1";"2025-03-06 09:15:00.000";"16";"1"
"14874482";"1";"2025-03-06 10:00:00.000";"17";"1"
"14874863";"1";"2025-03-05 20:15:00.000";"10";"1"
"14874946";"1";"2025-03-06 10:45:00.000";"24";"2"
"14885583";"2";"2025-03-06 10:45:00.000";"27";"2"
"14885658";"1";"2025-03-06 10:45:00.000";"1";"1"
"14886063";"1";"2025-03-06 10:30:00.000";"23";"1"
"14886090";"1";"2025-03-06 10:45:00.000";"24";"1"
"14886131";"2";"2025-03-06 10:30:00.000";"45";"1"
"14886191";"2";"2025-03-06 10:15:00.000";"9";"1"
"14886372";"1";"2025-03-06 10:00:00.000";"23";"1"
"14886450";"1";"2025-03-06 10:00:00.000";"26";"1"
"14886517";"1";"2025-03-06 10:45:00.000";"1";"1"
"14886589";"1";"2025-03-06 10:30:00.000";"19";"1"
"14886643";"1";"2025-03-06 10:15:00.000";"23";"1"
"14886676";"1";"2025-03-06 10:15:00.000";"32";"1"
"14886850";"1";"2025-03-06 10:30:00.000";"26";"1"
"14886877";"2";"2025-03-06 10:15:00.000";"22";"1"
"14886931";"1";"2025-03-06 10:45:00.000";"24";"1"
"14886998";"1";"2025-03-06 10:30:00.000";"21";"1"
"14886998";"2";"2025-03-06 00:30:00.000";"17";"1"
"14887029";"2";"2025-03-06 10:30:00.000";"13";"1"
"14887079";"1";"2025-03-06 10:45:00.000";"21";"1"
"14887157";"1";"2025-03-06 10:30:00.000";"25";"1"
"14887217";"1";"2025-03-06 10:45:00.000";"24";"1"
"14887276";"1";"2025-03-06 10:15:00.000";"22";"1"
"14887286";"1";"2025-03-06 07:30:00.000";"20";"1"
"14887315";"1";"2025-03-06 10:30:00.000";"17";"1"
"14887315";"2";"2025-03-06 09:30:00.000";"13";"1"
"14887331";"2";"2025-03-06 09:30:00.000";"21";"1"
"14887338";"1";"2025-03-06 10:45:00.000";"32";"1"
"14887363";"1";"2025-03-06 10:30:00.000";"27";"1"
"14887427";"1";"2025-03-06 10:45:00.000";"24";"1"
"14887439";"1";"2025-03-06 09:45:00.000";"16";"1"
"14887464";"1";"2025-03-06 07:45:00.000";"14";"1"
"14887480";"1";"2025-03-06 10:30:00.000";"21";"1"
"14887505";"1";"2025-03-06 10:30:00.000";"19";"1"
"14887548";"1";"2025-03-06 10:30:00.000";"21";"1"
"14887589";"1";"2025-03-06 10:45:00.000";"23";"2"
"14887612";"1";"2025-03-06 10:15:00.000";"28";"1"
"14887612";"2";"2025-03-06 10:30:00.000";"29";"1"
"14887692";"1";"2025-03-06 08:30:00.000";"25";"1"
"14887699";"1";"2025-03-06 10:30:00.000";"28";"1"
"14887702";"1";"2025-03-06 07:30:00.000";"16";"1"
"14887703";"1";"2025-03-06 10:15:00.000";"16";"1"
"14887704";"1";"2025-03-05 19:15:00.000";"27";"1"
"14887706";"1";"2025-03-06 09:45:00.000";"9";"1"
"14887718";"1";"2025-03-05 17:45:00.000";"35";"1"
"14887718";"2";"2025-03-05 14:45:00.000";"29";"1"
"14887720";"1";"2025-03-06 10:30:00.000";"23";"1"
"14887729";"1";"2025-03-06 10:45:00.000";"15";"1"
"14887771";"1";"2025-03-06 10:45:00.000";"35";"1"
"14887780";"2";"2025-03-06 10:30:00.000";"29";"1"
"14887782";"1";"2025-03-06 10:30:00.000";"25";"1"
"14887783";"1";"2025-03-06 10:45:00.000";"31";"2"
"14887790";"1";"2025-03-06 10:45:00.000";"39";"1"
"14887797";"1";"2025-03-06 10:00:00.000";"19";"1"
"14887807";"1";"2025-03-06 10:00:00.000";"20";"1"
"14887827";"1";"2025-03-06 10:30:00.000";"38";"1"
"14887827";"2";"2025-03-06 10:45:00.000";"40";"3"
"14887868";"1";"2025-03-06 10:45:00.000";"20";"1"
"14888059";"1";"2025-03-06 10:45:00.000";"12";"2"
"14888136";"1";"2025-03-06 10:45:00.000";"29";"5"
"14888327";"1";"2025-03-06 10:30:00.000";"16";"1"
"14888340";"1";"2025-03-06 10:45:00.000";"32";"1"
"14888352";"1";"2025-03-06 09:45:00.000";"16";"1"
"14888397";"1";"2025-03-06 10:15:00.000";"20";"1"
"14888434";"1";"2025-03-06 10:15:00.000";"12";"1"
